{
    "numeros_aleatorios_100.csv": {
        "bubbleSort": {
            "mean": 0.0,
            "median": 0.0,
            "stdev": 0.0,
            "variance": 0.0
        },
        "bucketSort": {
            "mean": 0.0,
            "median": 0.0,
            "stdev": 0.0,
            "variance": 0.0
        },
        "countingSort": {
            "mean": 0.0,
            "median": 0.0,
            "stdev": 0.0,
            "variance": 0.0
        },
        "insertionSort": {
            "mean": 0.0,
            "median": 0.0,
            "stdev": 0.0,
            "variance": 0.0
        },
        "mergeSort": {
            "mean": 0.0002002,
            "median": 0.0,
            "stdev": 0.0004003999999999999,
            "variance": 1.6032015999999994e-07
        },
        "quickSort": {
            "mean": 0.0005997999999999999,
            "median": 0.000999,
            "stdev": 0.0004897347853685708,
            "variance": 2.3984016000000006e-07
        }
    },
    "numeros_aleatorios_1000.csv": {
        "bubbleSort": {
            "mean": 0.0060002,
            "median": 0.006,
            "stdev": 0.0006330903253091143,
            "variance": 4.008033600000001e-07
        },
        "bucketSort": {
            "mean": 0.0012192,
            "median": 0.001001,
            "stdev": 0.0003890050899409929,
            "variance": 1.5132496e-07
        },
        "countingSort": {
            "mean": 0.0,
            "median": 0.0,
            "stdev": 0.0,
            "variance": 0.0
        },
        "insertionSort": {
            "mean": 0.0043984,
            "median": 0.003999,
            "stdev": 0.0008003018430567307,
            "variance": 6.404830399999999e-07
        },
        "mergeSort": {
            "mean": 0.0012016,
            "median": 0.001001,
            "stdev": 0.00040220074589687174,
            "variance": 1.6176544e-07
        },
        "quickSort": {
            "mean": 0.0019700000000000004,
            "median": 0.001998,
            "stdev": 5.602499442213267e-05,
            "variance": 3.138799999999997e-09
        }
    },
    "numeros_aleatorios_10000.csv": {
        "bubbleSort": {
            "mean": 0.6552766,
            "median": 0.637895,
            "stdev": 0.0368984910184685,
            "variance": 0.0013614986394400008
        },
        "bucketSort": {
            "mean": 0.007802400000000001,
            "median": 0.007012,
            "stdev": 0.0017183092387576804,
            "variance": 2.9525866399999993e-06
        },
        "countingSort": {
            "mean": 0.0009986,
            "median": 0.001,
            "stdev": 3.4409301068170536e-06,
            "variance": 1.184000000000002e-11
        },
        "insertionSort": {
            "mean": 0.4061372,
            "median": 0.404999,
            "stdev": 0.026408015528623128,
            "variance": 0.0006973832841600002
        },
        "mergeSort": {
            "mean": 0.021,
            "median": 0.018002,
            "stdev": 0.004815475262110688,
            "variance": 2.3188802e-05
        },
        "quickSort": {
            "mean": 0.022199999999999998,
            "median": 0.02,
            "stdev": 0.0031881658049731356,
            "variance": 1.0164401200000003e-05
        }
    },
    "numeros_aleatorios_2000.csv": {
        "bubbleSort": {
            "mean": 0.026399600000000002,
            "median": 0.024998,
            "stdev": 0.0030740082368139483,
            "variance": 9.44952664e-06
        },
        "bucketSort": {
            "mean": 0.0022094000000000003,
            "median": 0.002023,
            "stdev": 0.0007517533106012903,
            "variance": 5.651330400000001e-07
        },
        "countingSort": {
            "mean": 0.0002,
            "median": 0.0,
            "stdev": 0.0004,
            "variance": 1.6e-07
        },
        "insertionSort": {
            "mean": 0.0289918,
            "median": 0.016001,
            "stdev": 0.025518629699887885,
            "variance": 0.00065120046176
        },
        "mergeSort": {
            "mean": 0.003999600000000001,
            "median": 0.003999,
            "stdev": 0.0008955453310692877,
            "variance": 8.020014400000003e-07
        },
        "quickSort": {
            "mean": 0.004402,
            "median": 0.004003,
            "stdev": 0.0013552900796508474,
            "variance": 1.8368112000000001e-06
        }
    },
    "numeros_aleatorios_20000.csv": {
        "bubbleSort": {
            "mean": 2.9397984,
            "median": 2.979002,
            "stdev": 0.23632328488458348,
            "variance": 0.05584869497864
        },
        "bucketSort": {
            "mean": 0.0167996,
            "median": 0.016002,
            "stdev": 0.0019387225278517815,
            "variance": 3.758645040000002e-06
        },
        "countingSort": {
            "mean": 0.0030001999999999997,
            "median": 0.002998,
            "stdev": 0.0010965411802572667,
            "variance": 1.2024025599999997e-06
        },
        "insertionSort": {
            "mean": 1.7380030000000002,
            "median": 1.724005,
            "stdev": 0.14617808054150935,
            "variance": 0.021368031230799993
        },
        "mergeSort": {
            "mean": 0.045197799999999996,
            "median": 0.043,
            "stdev": 0.008422403894376,
            "variance": 7.093688736000001e-05
        },
        "quickSort": {
            "mean": 0.07306399999999999,
            "median": 0.048309,
            "stdev": 0.038939463427222515,
            "variance": 0.001516281812
        }
    },
    "numeros_aleatorios_3000.csv": {
        "bubbleSort": {
            "mean": 0.06823839999999999,
            "median": 0.066998,
            "stdev": 0.011733237244682301,
            "variance": 0.00013766885623999993
        },
        "bucketSort": {
            "mean": 0.0024056,
            "median": 0.002012,
            "stdev": 0.0004923099023988855,
            "variance": 2.423690400000001e-07
        },
        "countingSort": {
            "mean": 0.0005958,
            "median": 0.000983,
            "stdev": 0.0004865011408003068,
            "variance": 2.3668335999999998e-07
        },
        "insertionSort": {
            "mean": 0.042599399999999996,
            "median": 0.036987,
            "stdev": 0.00939508191768438,
            "variance": 8.826756423999999e-05
        },
        "mergeSort": {
            "mean": 0.0068036,
            "median": 0.006,
            "stdev": 0.0022306624666228645,
            "variance": 4.975855040000001e-06
        },
        "quickSort": {
            "mean": 0.0071937999999999985,
            "median": 0.006986,
            "stdev": 0.0020369841825600907,
            "variance": 4.149304560000001e-06
        }
    },
    "numeros_aleatorios_30000.csv": {
        "bubbleSort": {
            "mean": 6.3152854000000005,
            "median": 6.192911,
            "stdev": 0.32900757977931144,
            "variance": 0.10824598755223999
        },
        "bucketSort": {
            "mean": 0.024097399999999998,
            "median": 0.022472,
            "stdev": 0.004869611425976411,
            "variance": 2.3713115440000012e-05
        },
        "countingSort": {
            "mean": 0.0035982,
            "median": 0.003,
            "stdev": 0.001198400333778325,
            "variance": 1.4361633600000004e-06
        },
        "insertionSort": {
            "mean": 3.8474688,
            "median": 3.781,
            "stdev": 0.16254540908607676,
            "variance": 0.026421010014960045
        },
        "mergeSort": {
            "mean": 0.06099980000000001,
            "median": 0.062,
            "stdev": 0.0050981174721655845,
            "variance": 2.5990801760000012e-05
        },
        "quickSort": {
            "mean": 0.0638002,
            "median": 0.060002,
            "stdev": 0.007467187004488369,