{
    "numeros_aleatorios_100.csv": {
        "bubbleSort": {
            "mean": 0.0,
            "median": 0.0,
            "stdev": 0.0,
            "variance": 0.0
        },
        "bucketSort": {
            "mean": 0.0,
            "median": 0.0,
            "stdev": 0.0,
            "variance": 0.0
        },
        "countingSort": {
            "mean": 0.0,
            "median": 0.0,
            "stdev": 0.0,
            "variance": 0.0
        },
        "insertionSort": {
            "mean": 0.0,
            "median": 0.0,
            "stdev": 0.0,
            "variance": 0.0
        },
        "mergeSort": {
            "mean": 0.00040098,
            "median": 0.0,
            "stdev": 0.0004911000810425508,
            "variance": 2.411792896e-07
        },
        "quickSort": {
            "mean": 0.0002001,
            "median": 0.0,
            "stdev": 0.0004002,
            "variance": 1.6016004e-07
        }
    },
    "numeros_aleatorios_1000.csv": {
        "bubbleSort": {
            "mean": 0.0009994200000000002,
            "median": 0.000999,
            "stdev": 1.0007996802557062e-06,
            "variance": 1.0015999999999238e-12
        },
        "bucketSort": {
            "mean": 0.0,
            "median": 0.0,
            "stdev": 0.0,
            "variance": 0.0
        },
        "countingSort": {
            "mean": 0.00020236,
            "median": 0.0,
            "stdev": 0.00040472000000000007,
            "variance": 1.6379827840000006e-07
        },
        "insertionSort": {
            "mean": 0.0002001,
            "median": 0.0,
            "stdev": 0.0004002,
            "variance": 1.6016004e-07
        },
        "mergeSort": {
            "mean": 0.00020324,
            "median": 0.0,
            "stdev": 0.00040648,
            "variance": 1.6522599040000002e-07
        },
        "quickSort": {
            "mean": 0.00059884,
            "median": 0.0009939,
            "stdev": 0.0004889573911906844,
            "variance": 2.390793304e-07
        }
    },
    "numeros_aleatorios_10000.csv": {
        "bubbleSort": {
            "mean": 0.10448692,
            "median": 0.0983296,
            "stdev": 0.009659703415405674,
            "variance": 9.330987007360004e-05
        },
        "bucketSort": {
            "mean": 0.00119878,
            "median": 0.0009968,
            "stdev": 0.0004090758677800488,
            "variance": 1.6734306559999993e-07
        },
        "countingSort": {
            "mean": 0.0007973600000000001,
            "median": 0.0009997,
            "stdev": 0.0003987350629177224,
            "variance": 1.5898965040000003e-07
        },
        "insertionSort": {
            "mean": 0.028566360000000002,
            "median": 0.0290001,
            "stdev": 0.000564308960056457,
            "variance": 3.184446024e-07
        },
        "mergeSort": {
            "mean": 0.00160064,
            "median": 0.0019994,
            "stdev": 0.0004898097042729963,
            "variance": 2.399135464e-07
        },
        "quickSort": {
            "mean": 0.00410866,
            "median": 0.0040032,
            "stdev": 0.0004837210998085569,
            "variance": 2.3398610239999992e-07
        }
    },
    "numeros_aleatorios_2000.csv": {
        "bubbleSort": {
            "mean": 0.0039017599999999998,
            "median": 0.0040001,
            "stdev": 0.000661817511403257,
            "variance": 4.380024184000001e-07
        },
        "bucketSort": {
            "mean": 0.0,
            "median": 0.0,
            "stdev": 0.0,
            "variance": 0.0
        },
        "countingSort": {
            "mean": 0.00010633999999999999,
            "median": 0.0,
            "stdev": 0.00021267999999999998,
            "variance": 4.523278239999999e-08
        },
        "insertionSort": {
            "mean": 0.00140858,
            "median": 0.0010087,
            "stdev": 0.0004984377289090384,
            "variance": 2.484401696e-07
        },
        "mergeSort": {
            "mean": 0.00020024000000000002,
            "median": 0.0,
            "stdev": 0.00040048000000000004,
            "variance": 1.6038423040000004e-07
        },
        "quickSort": {
            "mean": 0.0005991,
            "median": 0.0009846,
            "stdev": 0.0004892628168990568,
            "variance": 2.39378104e-07
        }
    },
    "numeros_aleatorios_20000.csv": {
        "bubbleSort": {
            "mean": 0.45554442,
            "median": 0.4449628,
            "stdev": 0.017787550843935764,
            "variance": 0.00031639696502559994
        },
        "bucketSort": {
            "mean": 0.0021001199999999996,
            "median": 0.0019955,
            "stdev": 0.001119348563049062,
            "variance": 1.2529412056e-06
        },
        "countingSort": {
            "mean": 0.0015992000000000003,
            "median": 0.0019986,
            "stdev": 0.0004905931552722683,
            "variance": 2.40681644e-07
        },
        "insertionSort": {
            "mean": 0.11448107999999999,
            "median": 0.1145085,
            "stdev": 0.0005880030523730283,
            "variance": 3.457475895999982e-07
        },
        "mergeSort": {
            "mean": 0.00308382,
            "median": 0.0030022,
            "stdev": 0.0001638419164926973,
            "variance": 2.6844173599999994e-08
        },
        "quickSort": {
            "mean": 0.00950476,
            "median": 0.0105209,
            "stdev": 0.0016750909928717303,
            "variance": 2.805929834399999e-06
        }
    },
    "numeros_aleatorios_3000.csv": {
        "bubbleSort": {
            "mean": 0.0074324000000000005,
            "median": 0.007876,
            "stdev": 0.0008381706699712176,
            "variance": 7.025300719999998e-07
        },
        "bucketSort": {
            "mean": 0.00030242,
            "median": 0.0,
            "stdev": 0.000398497158835543,
            "variance": 1.587999856e-07
        },
        "countingSort": {
            "mean": 0.00020658,
            "median": 0.0,
            "stdev": 0.00041316,
            "variance": 1.7070118559999997e-07
        },
        "insertionSort": {
            "mean": 0.0029081000000000003,
            "median": 0.0030004,
            "stdev": 0.0005023096136846278,
            "variance": 2.5231494799999996e-07
        },
        "mergeSort": {
            "mean": 0.00051988,
            "median": 0.000602,
            "stdev": 0.0004485156246999652,
            "variance": 2.0116626560000002e-07
        },
        "quickSort": {
            "mean": 0.00253024,
            "median": 0.0016461,
            "stdev": 0.0018824393096193036,
            "variance": 3.5435777544e-06
        }
    },
    "numeros_aleatorios_30000.csv": {
        "bubbleSort": {
            "mean": 1.0532922800000002,
            "median": 1.0479213,
            "stdev": 0.02287822358238499,
            "variance": 0.0005234131142855966
        },
        "bucketSort": {
            "mean": 0.004001300000000001,
            "median": 0.0040023,
            "stdev": 0.0010962489133403966,
            "variance": 1.2017616800000004e-06
        },
        "countingSort": {
            "mean": 0.00239894,
            "median": 0.0019979,
            "stdev": 0.0010202988887576033,
            "variance": 1.0410098224000002e-06
        },
        "insertionSort": {
            "mean": 0.26739834,
            "median": 0.2585615,
            "stdev": 0.019344449719400147,
            "variance": 0.00037420773494640044
        },
        "mergeSort": {
            "mean": 0.0046064,
            "median": 0.0050014,
            "stdev": 0.0004933228597987327,
            "variance": 2.4336744400000003e-07
        },
        "quickSort": {
            "mean": 0.01492172,
            "median": 0.0145339,
            "stdev": 0.001415592254005369,
            "variance": 2.0039014296000013e-06
        }
    },