{
    "numeros_aleatorios_100.csv": {
        "bubbleSort": {
            "mean": 0.00039024000512881684,
            "median": 0.00036940001882612705,
            "stdev": 4.792663197698786e-05,
            "variance": 2.2969620526576355e-09
        },
        "insertionSort": {
            "mean": 0.00029639999355595136,
            "median": 0.00029689999064430594,
            "stdev": 8.050099760202146e-06,
            "variance": 6.480410614920666e-11
        },
        "mergeSort": {
            "mean": 0.00014183999829811,
            "median": 0.00014399999054148793,
            "stdev": 1.929751923748762e-05,
            "variance": 3.723942487212048e-10
        },
        "quickSort": {
            "mean": 0.00014993999808439186,
            "median": 0.00015020000864751637,
            "stdev": 5.1492129284728825e-06,
            "variance": 2.6514393782752277e-11
        },
        "bucketSort": {
            "mean": 8.15600071064182e-05,
            "median": 8.030000026337802e-05,
            "stdev": 5.372372374278425e-06,
            "variance": 2.8862384927910002e-11
        },
        "countingSort": {
            "mean": 0.00013504000273769634,
            "median": 0.00013719999697059393,
            "stdev": 2.1755420326257274e-05,
            "variance": 4.732983135721281e-10
        }
    },
    "numeros_aleatorios_1000.csv": {
        "bubbleSort": {
            "mean": 0.05363949999753004,
            "median": 0.05386379998526536,
            "stdev": 0.004077279041118732,
            "variance": 1.662420437914609e-05
        },
        "insertionSort": {
            "mean": 0.03803709999573357,
            "median": 0.03895829999237321,
            "stdev": 0.002013679005670341,
            "variance": 4.054903137877493e-06
        },
        "mergeSort": {
            "mean": 0.002205519997278316,
            "median": 0.0019635999924503267,
            "stdev": 0.00043372474318770254,
            "variance": 1.881171528532385e-07
        },
        "quickSort": {
            "mean": 0.0022217800001726575,
            "median": 0.0017462999967392534,
            "stdev": 0.0007193482271627685,
            "variance": 5.174618719222179e-07
        },
        "bucketSort": {
            "mean": 0.00345004000434983,
            "median": 0.002679500001249835,
            "stdev": 0.0015513370844301817,
            "variance": 2.4066467495283364e-06
        },
        "countingSort": {
            "mean": 0.0014541399981681026,
            "median": 0.0012818000104743987,
            "stdev": 0.0003378349583750546,
            "variance": 1.1413245910027486e-07
        }
    },
    "numeros_aleatorios_2000.csv": {
        "bubbleSort": {
            "mean": 0.18988473999904726,
            "median": 0.18831140000838786,
            "stdev": 0.007887393972494713,
            "variance": 6.221098367734592e-05
        },
        "insertionSort": {
            "mean": 0.13595687999844586,
            "median": 0.13627710001310334,
            "stdev": 0.00615935843631306,
            "variance": 3.793769634698086e-05
        },
        "mergeSort": {
            "mean": 0.003895440001542738,
            "median": 0.003510700014885515,
            "stdev": 0.0007138762387075824,
            "variance": 5.096192841912851e-07
        },
        "quickSort": {
            "mean": 0.005863440000075571,
            "median": 0.004268000018782914,
            "stdev": 0.0034168705528020244,
            "variance": 1.1675004374605613e-05
        },
        "bucketSort": {
            "mean": 0.003354760010086011,
            "median": 0.003836799999987761,
            "stdev": 0.0015565283665461272,
            "variance": 2.4227805558627545e-06
        },
        "countingSort": {
            "mean": 0.0031764799966367717,
            "median": 0.002320800005691126,
            "stdev": 0.0017507357541901266,
            "variance": 3.0650756809996712e-06
        }
    },
    "numeros_aleatorios_3000.csv": {
        "bubbleSort": {
            "mean": 0.5023898600005282,
            "median": 0.41587840000283904,
            "stdev": 0.1847725927121721,
            "variance": 0.03414091101757824
        },
        "insertionSort": {
            "mean": 0.3195976000076485,
            "median": 0.2881182999990415,
            "stdev": 0.05664545796658147,
            "variance": 0.003208707908243748
        },
        "mergeSort": {
            "mean": 0.006704519998618252,
            "median": 0.006290599999999813,
            "stdev": 0.0012501164962398484,
            "variance": 1.5627912541709947e-06
        },
        "quickSort": {
            "mean": 0.007901199993455066,
            "median": 0.006494399975053966,
            "stdev": 0.002273802383281041,
            "variance": 5.170177278214543e-06
        },
        "bucketSort": {
            "mean": 0.004899980002016946,
            "median": 0.005101099999990311,
            "stdev": 0.00269620752665589,
            "variance": 7.26953502679587e-06
        },
        "countingSort": {
            "mean": 0.006108380001683145,
            "median": 0.005404099996667355,
            "stdev": 0.0016479495663869828,
            "variance": 2.7157377733550447e-06
        }
    },
    "numeros_aleatorios_4000.csv": {
        "bubbleSort": {
            "mean": 0.862073719997477,
            "median": 0.7496152000094298,
            "stdev": 0.2720237576829153,
            "variance": 0.07399692474393343
        },
        "insertionSort": {
            "mean": 0.523450499996261,
            "median": 0.5278106000041589,
            "stdev": 0.02232234130500463,
            "variance": 0.0004982869213371159
        },
        "mergeSort": {
            "mean": 0.010252300003605797,
            "median": 0.010018000000002303,
            "stdev": 0.0014235351764442874,
            "variance": 2.0264523985742688e-06
        },
        "quickSort": {
            "mean": 0.016603779998536083,
            "median": 0.01564289999078028,
            "stdev": 0.00794218051705848,
            "variance": 6.30782313655433e-05
        },
        "bucketSort": {
            "mean": 0.013540920006221313,
            "median": 0.00983780002570711,
            "stdev": 0.006414971505769538,
            "variance": 4.115185941983509e-05
        },
        "countingSort": {
            "mean": 0.012114820005228922,
            "median": 0.011233299999730662,
            "stdev": 0.0036230523200451877,
            "variance": 1.3126508113784816e-05
        }
    },
    "numeros_aleatorios_5000.csv": {
        "bubbleSort": {
            "mean": 1.3553639600033989,
            "median": 1.3172188000171445,
            "stdev": 0.241896275652263,
            "variance": 0.0585138081744356
        },
        "insertionSort": {
            "mean": 0.9640320600035353,
            "median": 1.0004760000156239,
            "stdev": 0.16423078997246007,
            "variance": 0.026971752374978293
        },
        "mergeSort": {
            "mean": 0.015334000004361314,
            "median": 0.012445700005628169,
            "stdev": 0.006639527561149833,
            "variance": 4.4083326235268256e-05
        },
        "quickSort": {
            "mean": 0.0245796199968936,
            "median": 0.01979109999956563,
            "stdev": 0.013722927935039113,
            "variance": 0.00018831875111027688
        },
        "bucketSort": {
            "mean": 0.0071299799937492025,
            "median": 0.008277999993879348,
            "stdev": 0.0021421671634637898,
            "variance": 4.588880156222499e-06
        },
        "countingSort": {
            "mean": 0.012302759996089208,
            "median": 0.011429400008637458,
            "stdev": 0.002307223312220525,
            "variance": 5.323279412453852e-06
        }
    },
    "numeros_aleatorios_6000.csv": {
        "bubbleSort": {
            "mean": 1.729516319997856,
            "median": 1.7097250999941025,