{"numeros_aleatorios_100.csv": {"bubbleSort": 0.00042779999785125256, "insertionSort": 0.0002509000478312373, "mergeSort": 0.0001238000113517046, "quickSort": 0.00015240011271089315, "bucketSort": 8.580007124692202e-05, "countingSort": 0.00017820007633417845}, "numeros_aleatorios_1000.csv": {"bubbleSort": 0.040518099907785654, "insertionSort": 0.03168680006638169, "mergeSort": 0.0018131999531760812, "quickSort": 0.0017274999991059303, "bucketSort": 0.002215999993495643, "countingSort": 0.0011306999949738383}, "numeros_aleatorios_2000.csv": {"bubbleSort": 0.16649219999089837, "insertionSort": 0.12623729999177158, "mergeSort": 0.0034126999089494348, "quickSort": 0.003602099954150617, "bucketSort": 0.0010095000034198165, "countingSort": 0.004132799920625985}, "numeros_aleatorios_3000.csv": {"bubbleSort": 0.385601699934341, "insertionSort": 0.38653679995331913, "mergeSort": 0.013077500043436885, "quickSort": 0.011788100004196167, "bucketSort": 0.0031685999128967524, "countingSort": 0.008819099981337786}, "numeros_aleatorios_4000.csv": {"bubbleSort": 1.163279400090687, "insertionSort": 0.5216385000385344, "mergeSort": 0.009864300023764372, "quickSort": 0.00771030003670603, "bucketSort": 0.005341499927453697, "countingSort": 0.006082799984142184}, "numeros_aleatorios_5000.csv": {"bubbleSort": 1.134522799984552, "insertionSort": 0.9859556999290362, "mergeSort": 0.013150900020264089, "quickSort": 0.014932399964891374, "bucketSort": 0.003513299976475537, "countingSort": 0.006975800031796098}, "numeros_aleatorios_6000.csv": {"bubbleSort": 1.696801699930802, "insertionSort": 1.2233381000114605, "mergeSort": 0.033225800027139485, "quickSort": 0.044192599947564304, "bucketSort": 0.02313220000360161, "countingSort": 0.018040900002233684}, "numeros_aleatorios_7000.csv": {"bubbleSort": 2.6860223000403494, "insertionSort": 2.028967900085263, "mergeSort": 0.018920699949376285, "quickSort": 0.019751499989069998, "bucketSort": 0.006633799988776445, "countingSort": 0.009517500060610473}, "numeros_aleatorios_8000.csv": {"bubbleSort": 3.254278300097212, "insertionSort": 2.1943855000426993, "mergeSort": 0.019881100044585764, "quickSort": 0.019233900005929172, "bucketSort": 0.005955100059509277, "countingSort": 0.012064400012604892}, "numeros_aleatorios_9000.csv": {"bubbleSort": 3.798666200018488, "insertionSort": 2.687049000058323, "mergeSort": 0.0209189000306651, "quickSort": 0.025202900054864585, "bucketSort": 0.010044499998912215, "countingSort": 0.013072500005364418}, "numeros_aleatorios_10000.csv": {"bubbleSort": 4.804724599933252, "insertionSort": 3.337104700040072, "mergeSort": 0.024788899929262698, "quickSort": 0.025454299990087748, "bucketSort": 0.0078360999468714, "countingSort": 0.012430100003257394}, "numeros_aleatorios_20000.csv": {"bubbleSort": 22.687295399955474, "insertionSort": 17.720232899999246, "mergeSort": 0.09386569994967431, "quickSort": 0.06296179990749806, "bucketSort": 0.03364909999072552, "countingSort": 0.06914659996982664}, "numeros_aleatorios_30000.csv": {"bubbleSort": 46.131578400032595, "insertionSort": 33.13623090006877, "mergeSort": 0.07230200001504272, "quickSort": 0.06855799991171807, "bucketSort": 0.035006700083613396, "countingSort": 0.03907019994221628}, "numeros_aleatorios_40000.csv": {"bubbleSort": 83.63102359999903, "insertionSort": 59.27366920001805, "mergeSort": 0.10200519999489188, "quickSort": 0.10906199994497001, "bucketSort": 0.03591670002788305, "countingSort": 0.051323499996215105}, "numeros_aleatorios_50000.csv": {"bubbleSort": 215.00934920005966, "insertionSort": 101.63302810001187, "mergeSort": 0.13718730001710355, "quickSort": 0.13285259995609522, "bucketSort": 0.05275979998987168, "countingSort": 0.06967970007099211}}